review_priority,image_id,source_relative_path,label_relative_path,target_box_count,native_box_count,remapped_box_count,other_box_count,minimum_target_confidence,maximum_target_confidence,flags
P0,p57_test_002_c44c3c09dd31,test_images/57.Myzus persicae Sulzer/002.jpg,labels/p57_test_002_c44c3c09dd31.txt,0,0,0,2,,,no_target_box|other_class_prediction
P0,p57_test_004_912201e0623b,test_images/57.Myzus persicae Sulzer/004.jpg,labels/p57_test_004_912201e0623b.txt,0,0,0,0,,,no_target_box
P0,p57_test_016_ae828f4957f0,test_images/57.Myzus persicae Sulzer/016.jpg,labels/p57_test_016_ae828f4957f0.txt,0,0,0,0,,,no_target_box
P0,p57_test_025_3db96408595a,test_images/57.Myzus persicae Sulzer/025.jpg,labels/p57_test_025_3db96408595a.txt,0,0,0,0,,,no_target_box
P0,p57_test_028_98f7bc39bd8c,test_images/57.Myzus persicae Sulzer/028.jpg,labels/p57_test_028_98f7bc39bd8c.txt,0,0,0,4,,,no_target_box|other_class_prediction
P0,p58_test_007_c97cbacd2018,test_images/58.Aphis gossypii Glover/007.jpg,labels/p58_test_007_c97cbacd2018.txt,0,0,0,0,,,no_target_box
P0,p58_test_011_3767620c8a45,test_images/58.Aphis gossypii Glover/011.jpg,labels/p58_test_011_3767620c8a45.txt,0,0,0,2,,,no_target_box|other_class_prediction
P0,p58_test_014_143b6f774613,test_images/58.Aphis gossypii Glover/014.jpg,labels/p58_test_014_143b6f774613.txt,0,0,0,0,,,no_target_box
P0,p58_test_015_46a93b88a603,test_images/58.Aphis gossypii Glover/015.jpg,labels/p58_test_015_46a93b88a603.txt,0,0,0,1,,,no_target_box|other_class_prediction
P0,p58_test_016_b1b28f9eeea4,test_images/58.Aphis gossypii Glover/016.jpg,labels/p58_test_016_b1b28f9eeea4.txt,0,0,0,0,,,no_target_box
P0,p57_train_002_53e3ff3b5acc,train_images/57.Myzus persicae Sulzer/002.jpg,labels/p57_train_002_53e3ff3b5acc.txt,0,0,0,1,,,no_target_box|other_class_prediction
P0,p57_train_004_b349b6195973,train_images/57.Myzus persicae Sulzer/004.jpg,labels/p57_train_004_b349b6195973.txt,0,0,0,0,,,no_target_box
P0,p57_train_005_ada751551a55,train_images/57.Myzus persicae Sulzer/005.jpg,labels/p57_train_005_ada751551a55.txt,0,0,0,0,,,no_target_box
P0,p57_train_006_0ca3a4362ae3,train_images/57.Myzus persicae Sulzer/006.jpg,labels/p57_train_006_0ca3a4362ae3.txt,0,0,0,0,,,no_target_box
P0,p57_train_009_520ee2b82ee3,train_images/57.Myzus persicae Sulzer/009.jpg,labels/p57_train_009_520ee2b82ee3.txt,0,0,0,3,,,no_target_box|other_class_prediction
P0,p57_train_011_fa7fa5b13ff2,train_images/57.Myzus persicae Sulzer/011.jpg,labels/p57_train_011_fa7fa5b13ff2.txt,0,0,0,0,,,no_target_box
P0,p57_train_013_649e4a04c177,train_images/57.Myzus persicae Sulzer/013.jpg,labels/p57_train_013_649e4a04c177.txt,0,0,0,0,,,no_target_box
P0,p57_train_014_81cddda8e6e4,train_images/57.Myzus persicae Sulzer/014.jpg,labels/p57_train_014_81cddda8e6e4.txt,0,0,0,0,,,no_target_box
P0,p57_train_018_5d195145b191,train_images/57.Myzus persicae Sulzer/018.jpg,labels/p57_train_018_5d195145b191.txt,0,0,0,2,,,no_target_box|other_class_prediction
P0,p57_train_033_fa271404b5f6,train_images/57.Myzus persicae Sulzer/033.jpg,labels/p57_train_033_fa271404b5f6.txt,0,0,0,0,,,no_target_box
P0,p57_train_039_a6334b23f9a7,train_images/57.Myzus persicae Sulzer/039.jpg,labels/p57_train_039_a6334b23f9a7.txt,0,0,0,0,,,no_target_box
P0,p57_train_040_deaab0c952e5,train_images/57.Myzus persicae Sulzer/040.jpg,labels/p57_train_040_deaab0c952e5.txt,0,0,0,0,,,no_target_box
P0,p57_train_041_07f3f7a57239,train_images/57.Myzus persicae Sulzer/041.jpg,labels/p57_train_041_07f3f7a57239.txt,0,0,0,0,,,no_target_box
P0,p57_train_044_630a9699c2d7,train_images/57.Myzus persicae Sulzer/044.jpg,labels/p57_train_044_630a9699c2d7.txt,0,0,0,0,,,no_target_box
P0,p57_train_047_156b56a6af82,train_images/57.Myzus persicae Sulzer/047.jpg,labels/p57_train_047_156b56a6af82.txt,0,0,0,0,,,no_target_box
P0,p57_train_048_c86310658f4b,train_images/57.Myzus persicae Sulzer/048.jpg,labels/p57_train_048_c86310658f4b.txt,0,0,0,0,,,no_target_box
P0,p57_train_049_83b46389e652,train_images/57.Myzus persicae Sulzer/049.jpg,labels/p57_train_049_83b46389e652.txt,0,0,0,0,,,no_target_box
P0,p57_train_052_1d8416b9a04c,train_images/57.Myzus persicae Sulzer/052.jpg,labels/p57_train_052_1d8416b9a04c.txt,0,0,0,0,,,no_target_box
P0,p57_train_053_979566bc11ed,train_images/57.Myzus persicae Sulzer/053.jpg,labels/p57_train_053_979566bc11ed.txt,0,0,0,0,,,no_target_box
P0,p57_train_069_622d96ab7f00,train_images/57.Myzus persicae Sulzer/069.jpg,labels/p57_train_069_622d96ab7f00.txt,0,0,0,0,,,no_target_box
P0,p57_train_073_981895a5b823,train_images/57.Myzus persicae Sulzer/073.jpg,labels/p57_train_073_981895a5b823.txt,0,0,0,0,,,no_target_box
P0,p57_train_085_98ed4672db73,train_images/57.Myzus persicae Sulzer/085.jpg,labels/p57_train_085_98ed4672db73.txt,0,0,0,0,,,no_target_box
P0,p57_train_086_8cb573ba41b2,train_images/57.Myzus persicae Sulzer/086.jpg,labels/p57_train_086_8cb573ba41b2.txt,0,0,0,0,,,no_target_box
P0,p57_train_087_6cc0ba2541d5,train_images/57.Myzus persicae Sulzer/087.jpg,labels/p57_train_087_6cc0ba2541d5.txt,0,0,0,0,,,no_target_box
P0,p57_train_099_c884d7e5d642,train_images/57.Myzus persicae Sulzer/099.jpg,labels/p57_train_099_c884d7e5d642.txt,0,0,0,0,,,no_target_box
P0,p57_train_117_2e92fef08d79,train_images/57.Myzus persicae Sulzer/117.jpg,labels/p57_train_117_2e92fef08d79.txt,0,0,0,0,,,no_target_box
P0,p57_train_121_1f9920712348,train_images/57.Myzus persicae Sulzer/121.jpg,labels/p57_train_121_1f9920712348.txt,0,0,0,0,,,no_target_box
P0,p57_train_126_796c09bbcc01,train_images/57.Myzus persicae Sulzer/126.jpg,labels/p57_train_126_796c09bbcc01.txt,0,0,0,0,,,no_target_box
P0,p57_train_128_b3d8ad19cc62,train_images/57.Myzus persicae Sulzer/128.jpg,labels/p57_train_128_b3d8ad19cc62.txt,0,0,0,0,,,no_target_box
P0,p57_train_129_9d7e553db56a,train_images/57.Myzus persicae Sulzer/129.jpg,labels/p57_train_129_9d7e553db56a.txt,0,0,0,0,,,no_target_box
P0,p57_train_130_2d26145303b3,train_images/57.Myzus persicae Sulzer/130.jpg,labels/p57_train_130_2d26145303b3.txt,0,0,0,0,,,no_target_box
P0,p57_train_141_1a53fcd83e24,train_images/57.Myzus persicae Sulzer/141.jpg,labels/p57_train_141_1a53fcd83e24.txt,0,0,0,0,,,no_target_box
P0,p57_train_185_2833537aaa72,train_images/57.Myzus persicae Sulzer/185.jpg,labels/p57_train_185_2833537aaa72.txt,0,0,0,0,,,no_target_box
P0,p57_train_186_7547e5f8bbc9,train_images/57.Myzus persicae Sulzer/186.jpg,labels/p57_train_186_7547e5f8bbc9.txt,0,0,0,0,,,no_target_box
P0,p57_train_187_096d4184631b,train_images/57.Myzus persicae Sulzer/187.jpg,labels/p57_train_187_096d4184631b.txt,0,0,0,0,,,no_target_box
P0,p57_train_190_2241b9b83f07,train_images/57.Myzus persicae Sulzer/190.jpg,labels/p57_train_190_2241b9b83f07.txt,0,0,0,0,,,no_target_box
P0,p57_train_193_9690270f9732,train_images/57.Myzus persicae Sulzer/193.jpg,labels/p57_train_193_9690270f9732.txt,0,0,0,0,,,no_target_box
P0,p57_train_194_ce426bffb9b4,train_images/57.Myzus persicae Sulzer/194.jpg,labels/p57_train_194_ce426bffb9b4.txt,0,0,0,0,,,no_target_box
P0,p57_train_197_9280d8bf29d4,train_images/57.Myzus persicae Sulzer/197.jpg,labels/p57_train_197_9280d8bf29d4.txt,0,0,0,0,,,no_target_box
P0,p57_train_199_a20edc9872ab,train_images/57.Myzus persicae Sulzer/199.jpg,labels/p57_train_199_a20edc9872ab.txt,0,0,0,0,,,no_target_box
P0,p57_train_200_cab83c666b9c,train_images/57.Myzus persicae Sulzer/200.jpg,labels/p57_train_200_cab83c666b9c.txt,0,0,0,0,,,no_target_box
P0,p57_train_202_44fde3db36bf,train_images/57.Myzus persicae Sulzer/202.jpg,labels/p57_train_202_44fde3db36bf.txt,0,0,0,0,,,no_target_box
P0,p57_train_203_e10e4347573b,train_images/57.Myzus persicae Sulzer/203.jpg,labels/p57_train_203_e10e4347573b.txt,0,0,0,0,,,no_target_box
P0,p57_train_225_30479c6376f7,train_images/57.Myzus persicae Sulzer/225.jpg,labels/p57_train_225_30479c6376f7.txt,0,0,0,0,,,no_target_box
P0,p57_train_226_e7425ac570ae,train_images/57.Myzus persicae Sulzer/226.jpg,labels/p57_train_226_e7425ac570ae.txt,0,0,0,0,,,no_target_box
P0,p57_train_227_1cde222e4dec,train_images/57.Myzus persicae Sulzer/227.jpg,labels/p57_train_227_1cde222e4dec.txt,0,0,0,0,,,no_target_box
P0,p57_train_228_16d1dfc6e3d4,train_images/57.Myzus persicae Sulzer/228.jpg,labels/p57_train_228_16d1dfc6e3d4.txt,0,0,0,0,,,no_target_box
P0,p57_train_229_d519127f9615,train_images/57.Myzus persicae Sulzer/229.jpg,labels/p57_train_229_d519127f9615.txt,0,0,0,0,,,no_target_box
P0,p57_train_230_d4c4dd444e13,train_images/57.Myzus persicae Sulzer/230.jpg,labels/p57_train_230_d4c4dd444e13.txt,0,0,0,0,,,no_target_box
P0,p57_train_233_de5003f343be,train_images/57.Myzus persicae Sulzer/233.jpg,labels/p57_train_233_de5003f343be.txt,0,0,0,0,,,no_target_box
P0,p57_train_250_d24760f35a98,train_images/57.Myzus persicae Sulzer/250.jpg,labels/p57_train_250_d24760f35a98.txt,0,0,0,0,,,no_target_box
P0,p57_train_251_baa60500bdfc,train_images/57.Myzus persicae Sulzer/251.jpg,labels/p57_train_251_baa60500bdfc.txt,0,0,0,0,,,no_target_box
P0,p57_train_252_1c70878dd005,train_images/57.Myzus persicae Sulzer/252.jpg,labels/p57_train_252_1c70878dd005.txt,0,0,0,0,,,no_target_box
P0,p57_train_254_7289cc18081b,train_images/57.Myzus persicae Sulzer/254.jpg,labels/p57_train_254_7289cc18081b.txt,0,0,0,0,,,no_target_box
P0,p58_train_000_32fd46fc0112,train_images/58.Aphis gossypii Glover/000.jpg,labels/p58_train_000_32fd46fc0112.txt,0,0,0,1,,,no_target_box|other_class_prediction
P0,p58_train_004_63eb849f7a93,train_images/58.Aphis gossypii Glover/004.jpg,labels/p58_train_004_63eb849f7a93.txt,0,0,0,0,,,no_target_box
P0,p58_train_014_e03f3fd67ea5,train_images/58.Aphis gossypii Glover/014.jpg,labels/p58_train_014_e03f3fd67ea5.txt,0,0,0,0,,,no_target_box
P0,p58_train_015_80583b6910a1,train_images/58.Aphis gossypii Glover/015.jpg,labels/p58_train_015_80583b6910a1.txt,0,0,0,1,,,no_target_box|other_class_prediction
P0,p58_train_016_497ceba7571f,train_images/58.Aphis gossypii Glover/016.jpg,labels/p58_train_016_497ceba7571f.txt,0,0,0,2,,,no_target_box|other_class_prediction
P0,p58_train_018_18bc06363ada,train_images/58.Aphis gossypii Glover/018.jpg,labels/p58_train_018_18bc06363ada.txt,0,0,0,3,,,no_target_box|other_class_prediction
P0,p58_train_029_49b596d27556,train_images/58.Aphis gossypii Glover/029.jpg,labels/p58_train_029_49b596d27556.txt,0,0,0,0,,,no_target_box
P0,p58_train_030_9274d7cbd4e4,train_images/58.Aphis gossypii Glover/030.jpg,labels/p58_train_030_9274d7cbd4e4.txt,0,0,0,0,,,no_target_box
P0,p58_train_031_e1a91bbab51a,train_images/58.Aphis gossypii Glover/031.jpg,labels/p58_train_031_e1a91bbab51a.txt,0,0,0,0,,,no_target_box
P0,p58_train_032_eb92ce849c06,train_images/58.Aphis gossypii Glover/032.jpg,labels/p58_train_032_eb92ce849c06.txt,0,0,0,1,,,no_target_box|other_class_prediction
P0,p58_train_034_b3f398a4997e,train_images/58.Aphis gossypii Glover/034.jpg,labels/p58_train_034_b3f398a4997e.txt,0,0,0,0,,,no_target_box
P0,p58_train_035_fccc250de311,train_images/58.Aphis gossypii Glover/035.jpg,labels/p58_train_035_fccc250de311.txt,0,0,0,0,,,no_target_box
P0,p58_train_036_d6160bafe6ed,train_images/58.Aphis gossypii Glover/036.jpg,labels/p58_train_036_d6160bafe6ed.txt,0,0,0,0,,,no_target_box
P0,p58_train_037_8d60de79acd6,train_images/58.Aphis gossypii Glover/037.jpg,labels/p58_train_037_8d60de79acd6.txt,0,0,0,0,,,no_target_box
P0,p58_train_038_4de9651f2f93,train_images/58.Aphis gossypii Glover/038.jpg,labels/p58_train_038_4de9651f2f93.txt,0,0,0,0,,,no_target_box
P0,p58_train_039_1ec9acb0a260,train_images/58.Aphis gossypii Glover/039.jpg,labels/p58_train_039_1ec9acb0a260.txt,0,0,0,0,,,no_target_box
P0,p58_train_040_cd3c5a4eb0ad,train_images/58.Aphis gossypii Glover/040.jpg,labels/p58_train_040_cd3c5a4eb0ad.txt,0,0,0,1,,,no_target_box|other_class_prediction
P0,p58_train_041_947477647c71,train_images/58.Aphis gossypii Glover/041.jpg,labels/p58_train_041_947477647c71.txt,0,0,0,1,,,no_target_box|other_class_prediction
P0,p58_train_042_f94aaee1fe9c,train_images/58.Aphis gossypii Glover/042.jpg,labels/p58_train_042_f94aaee1fe9c.txt,0,0,0,1,,,no_target_box|other_class_prediction
P0,p58_train_044_7747ead87e2c,train_images/58.Aphis gossypii Glover/044.jpg,labels/p58_train_044_7747ead87e2c.txt,0,0,0,0,,,no_target_box
P0,p58_train_046_4b7c1c1eb352,train_images/58.Aphis gossypii Glover/046.jpg,labels/p58_train_046_4b7c1c1eb352.txt,0,0,0,1,,,no_target_box|other_class_prediction
P0,p58_train_047_103879ed6953,train_images/58.Aphis gossypii Glover/047.jpg,labels/p58_train_047_103879ed6953.txt,0,0,0,1,,,no_target_box|other_class_prediction
P0,p58_train_051_d728dea74b8d,train_images/58.Aphis gossypii Glover/051.jpg,labels/p58_train_051_d728dea74b8d.txt,0,0,0,1,,,no_target_box|other_class_prediction
P0,p58_train_063_2562350ab106,train_images/58.Aphis gossypii Glover/063.jpg,labels/p58_train_063_2562350ab106.txt,0,0,0,0,,,no_target_box
P0,p58_train_070_7326c12dbe59,train_images/58.Aphis gossypii Glover/070.jpg,labels/p58_train_070_7326c12dbe59.txt,0,0,0,2,,,no_target_box|other_class_prediction
P0,p58_train_077_2ca579cccd9d,train_images/58.Aphis gossypii Glover/077.jpg,labels/p58_train_077_2ca579cccd9d.txt,0,0,0,7,,,no_target_box|other_class_prediction
P0,p58_train_078_bb0fe68766d1,train_images/58.Aphis gossypii Glover/078.jpg,labels/p58_train_078_bb0fe68766d1.txt,0,0,0,0,,,no_target_box
P0,p58_train_080_d6aa6d2cf278,train_images/58.Aphis gossypii Glover/080.jpg,labels/p58_train_080_d6aa6d2cf278.txt,0,0,0,1,,,no_target_box|other_class_prediction
P0,p58_train_081_0ce1597a0e12,train_images/58.Aphis gossypii Glover/081.jpg,labels/p58_train_081_0ce1597a0e12.txt,0,0,0,0,,,no_target_box
P0,p58_train_082_bfd36ff82e34,train_images/58.Aphis gossypii Glover/082.jpg,labels/p58_train_082_bfd36ff82e34.txt,0,0,0,0,,,no_target_box
P0,p58_train_083_a20bdfd8283c,train_images/58.Aphis gossypii Glover/083.jpg,labels/p58_train_083_a20bdfd8283c.txt,0,0,0,0,,,no_target_box
P0,p58_train_084_fef40e0c346a,train_images/58.Aphis gossypii Glover/084.jpg,labels/p58_train_084_fef40e0c346a.txt,0,0,0,0,,,no_target_box
P0,p58_train_085_0312d02c442f,train_images/58.Aphis gossypii Glover/085.jpg,labels/p58_train_085_0312d02c442f.txt,0,0,0,1,,,no_target_box|other_class_prediction
P0,p58_train_087_440194b3442d,train_images/58.Aphis gossypii Glover/087.jpg,labels/p58_train_087_440194b3442d.txt,0,0,0,0,,,no_target_box
P0,p58_train_088_da7d24b26987,train_images/58.Aphis gossypii Glover/088.jpg,labels/p58_train_088_da7d24b26987.txt,0,0,0,0,,,no_target_box
P0,p58_train_089_d88892284843,train_images/58.Aphis gossypii Glover/089.jpg,labels/p58_train_089_d88892284843.txt,0,0,0,2,,,no_target_box|other_class_prediction
P0,p58_train_091_8ae27b8e53ee,train_images/58.Aphis gossypii Glover/091.jpg,labels/p58_train_091_8ae27b8e53ee.txt,0,0,0,1,,,no_target_box|other_class_prediction
P0,p58_train_092_c134ea805b90,train_images/58.Aphis gossypii Glover/092.jpg,labels/p58_train_092_c134ea805b90.txt,0,0,0,2,,,no_target_box|other_class_prediction
P0,p58_train_093_54ae146011a1,train_images/58.Aphis gossypii Glover/093.jpg,labels/p58_train_093_54ae146011a1.txt,0,0,0,1,,,no_target_box|other_class_prediction
P0,p58_train_094_a941a353f69d,train_images/58.Aphis gossypii Glover/094.jpg,labels/p58_train_094_a941a353f69d.txt,0,0,0,1,,,no_target_box|other_class_prediction
P0,p58_train_095_37e6052c6c4f,train_images/58.Aphis gossypii Glover/095.jpg,labels/p58_train_095_37e6052c6c4f.txt,0,0,0,0,,,no_target_box
P0,p58_train_097_844be5f9a28f,train_images/58.Aphis gossypii Glover/097.jpg,labels/p58_train_097_844be5f9a28f.txt,0,0,0,2,,,no_target_box|other_class_prediction
P0,p58_train_098_96ef1c12362f,train_images/58.Aphis gossypii Glover/098.jpg,labels/p58_train_098_96ef1c12362f.txt,0,0,0,1,,,no_target_box|other_class_prediction
P0,p58_train_100_e373795ecdec,train_images/58.Aphis gossypii Glover/100.jpg,labels/p58_train_100_e373795ecdec.txt,0,0,0,0,,,no_target_box
P0,p58_train_101_a709857815d5,train_images/58.Aphis gossypii Glover/101.jpg,labels/p58_train_101_a709857815d5.txt,0,0,0,0,,,no_target_box
P0,p58_train_107_305a6da1deed,train_images/58.Aphis gossypii Glover/107.jpg,labels/p58_train_107_305a6da1deed.txt,0,0,0,0,,,no_target_box
P0,p58_train_111_86a36b6e558c,train_images/58.Aphis gossypii Glover/111.jpg,labels/p58_train_111_86a36b6e558c.txt,0,0,0,0,,,no_target_box
P0,p58_train_115_bd76d590c353,train_images/58.Aphis gossypii Glover/115.jpg,labels/p58_train_115_bd76d590c353.txt,0,0,0,0,,,no_target_box
P0,p58_train_117_48bde4025e81,train_images/58.Aphis gossypii Glover/117.jpg,labels/p58_train_117_48bde4025e81.txt,0,0,0,0,,,no_target_box
P0,p58_train_126_b6d7bdf2c002,train_images/58.Aphis gossypii Glover/126.jpg,labels/p58_train_126_b6d7bdf2c002.txt,0,0,0,1,,,no_target_box|other_class_prediction
P0,p58_train_133_ec6b9dd44e0e,train_images/58.Aphis gossypii Glover/133.jpg,labels/p58_train_133_ec6b9dd44e0e.txt,0,0,0,0,,,no_target_box
P0,p57_val_001_2028426a9047,val_images/57.Myzus persicae Sulzer/001.jpg,labels/p57_val_001_2028426a9047.txt,0,0,0,0,,,no_target_box
P0,p57_val_006_e82073dddfe9,val_images/57.Myzus persicae Sulzer/006.jpg,labels/p57_val_006_e82073dddfe9.txt,0,0,0,0,,,no_target_box
P0,p57_val_020_c8c01080d9f5,val_images/57.Myzus persicae Sulzer/020.jpg,labels/p57_val_020_c8c01080d9f5.txt,0,0,0,1,,,no_target_box|other_class_prediction
P0,p57_val_021_cc3bf3c6044c,val_images/57.Myzus persicae Sulzer/021.jpg,labels/p57_val_021_cc3bf3c6044c.txt,0,0,0,2,,,no_target_box|other_class_prediction
P0,p57_val_030_33d9c6f0b17f,val_images/57.Myzus persicae Sulzer/030.jpg,labels/p57_val_030_33d9c6f0b17f.txt,0,0,0,1,,,no_target_box|other_class_prediction
P0,p58_val_001_02d3189eadef,val_images/58.Aphis gossypii Glover/001.jpg,labels/p58_val_001_02d3189eadef.txt,0,0,0,0,,,no_target_box
P0,p58_val_003_2f8a7ffb08ba,val_images/58.Aphis gossypii Glover/003.jpg,labels/p58_val_003_2f8a7ffb08ba.txt,0,0,0,0,,,no_target_box
P0,p58_val_015_01fead5ce61e,val_images/58.Aphis gossypii Glover/015.jpg,labels/p58_val_015_01fead5ce61e.txt,0,0,0,0,,,no_target_box
P0,p58_val_016_ab84f790369d,val_images/58.Aphis gossypii Glover/016.jpg,labels/p58_val_016_ab84f790369d.txt,0,0,0,1,,,no_target_box|other_class_prediction
P0,p58_val_017_3e1e68e1180a,val_images/58.Aphis gossypii Glover/017.jpg,labels/p58_val_017_3e1e68e1180a.txt,0,0,0,0,,,no_target_box
P1,p57_test_000_87845e21fdfb,test_images/57.Myzus persicae Sulzer/000.jpg,labels/p57_test_000_87845e21fdfb.txt,1,0,1,0,0.668582,0.668582,remapped_class_box
P1,p57_test_008_60c5008390fc,test_images/57.Myzus persicae Sulzer/008.jpg,labels/p57_test_008_60c5008390fc.txt,3,1,2,0,0.110314,0.659758,low_confidence_box|remapped_class_box|overlapping_boxes
P1,p57_test_010_357ee35f6d2d,test_images/57.Myzus persicae Sulzer/010.jpg,labels/p57_test_010_357ee35f6d2d.txt,3,2,1,0,0.139217,0.756436,low_confidence_box|remapped_class_box|overlapping_boxes
P1,p57_test_011_9a981329f78f,test_images/57.Myzus persicae Sulzer/011.jpg,labels/p57_test_011_9a981329f78f.txt,2,2,0,0,0.116486,0.200722,low_confidence_box|overlapping_boxes
P1,p57_test_013_63e1fe533377,test_images/57.Myzus persicae Sulzer/013.jpg,labels/p57_test_013_63e1fe533377.txt,5,5,0,0,0.101738,0.822667,low_confidence_box|overlapping_boxes
P1,p57_test_014_5e18fca56607,test_images/57.Myzus persicae Sulzer/014.jpg,labels/p57_test_014_5e18fca56607.txt,1,1,0,0,0.103198,0.103198,low_confidence_box
P1,p57_test_015_2bde865e01fe,test_images/57.Myzus persicae Sulzer/015.jpg,labels/p57_test_015_2bde865e01fe.txt,1,1,0,1,0.627652,0.627652,other_class_prediction
P1,p57_test_017_0fabe4eceef6,test_images/57.Myzus persicae Sulzer/017.jpg,labels/p57_test_017_0fabe4eceef6.txt,5,5,0,0,0.118439,0.799687,low_confidence_box|overlapping_boxes
P1,p57_test_018_99df413336d4,test_images/57.Myzus persicae Sulzer/018.jpg,labels/p57_test_018_99df413336d4.txt,2,2,0,0,0.140244,0.507273,low_confidence_box
P1,p57_test_019_476eb8a558a2,test_images/57.Myzus persicae Sulzer/019.jpg,labels/p57_test_019_476eb8a558a2.txt,9,9,0,0,0.179748,0.859157,low_confidence_box
P1,p57_test_020_a02179d84675,test_images/57.Myzus persicae Sulzer/020.jpg,labels/p57_test_020_a02179d84675.txt,7,7,0,0,0.114155,0.698949,low_confidence_box
P1,p57_test_022_fe55aa05897e,test_images/57.Myzus persicae Sulzer/022.jpg,labels/p57_test_022_fe55aa05897e.txt,9,9,0,0,0.103688,0.922219,low_confidence_box|overlapping_boxes
P1,p57_test_023_e14cae295b7c,test_images/57.Myzus persicae Sulzer/023.jpg,labels/p57_test_023_e14cae295b7c.txt,1,1,0,0,0.513773,0.513773,oversized_box
P1,p57_test_029_be60087e07d6,test_images/57.Myzus persicae Sulzer/029.jpg,labels/p57_test_029_be60087e07d6.txt,2,2,0,0,0.113556,0.438956,low_confidence_box|oversized_box|overlapping_boxes
P1,p57_test_030_1368672141fa,test_images/57.Myzus persicae Sulzer/030.jpg,labels/p57_test_030_1368672141fa.txt,1,1,0,0,0.886678,0.886678,oversized_box
P1,p57_test_031_ef554fb51735,test_images/57.Myzus persicae Sulzer/031.jpg,labels/p57_test_031_ef554fb51735.txt,3,3,0,0,0.106718,0.61386,low_confidence_box
P1,p58_test_003_c89594976520,test_images/58.Aphis gossypii Glover/003.jpg,labels/p58_test_003_c89594976520.txt,1,0,1,0,0.567766,0.567766,remapped_class_box|oversized_box
P1,p58_test_005_3a164e4cb78c,test_images/58.Aphis gossypii Glover/005.jpg,labels/p58_test_005_3a164e4cb78c.txt,1,0,1,0,0.103557,0.103557,low_confidence_box|remapped_class_box|oversized_box
P1,p58_test_006_84dd42465021,test_images/58.Aphis gossypii Glover/006.jpg,labels/p58_test_006_84dd42465021.txt,1,0,1,1,0.235788,0.235788,other_class_prediction|low_confidence_box|remapped_class_box|oversized_box
P1,p58_test_008_0e410c592a87,test_images/58.Aphis gossypii Glover/008.jpg,labels/p58_test_008_0e410c592a87.txt,1,0,1,1,0.165882,0.165882,other_class_prediction|low_confidence_box|remapped_class_box|oversized_box
P1,p58_test_013_ad055c0b6b30,test_images/58.Aphis gossypii Glover/013.jpg,labels/p58_test_013_ad055c0b6b30.txt,2,2,0,2,0.149718,0.304393,other_class_prediction|low_confidence_box
P1,p57_train_007_2b5031434dab,train_images/57.Myzus persicae Sulzer/007.jpg,labels/p57_train_007_2b5031434dab.txt,1,0,1,4,0.191809,0.191809,other_class_prediction|low_confidence_box|remapped_class_box
P1,p57_train_008_eb01b74fded8,train_images/57.Myzus persicae Sulzer/008.jpg,labels/p57_train_008_eb01b74fded8.txt,1,1,0,3,0.157143,0.157143,other_class_prediction|low_confidence_box
P1,p57_train_010_77fdb3b3a522,train_images/57.Myzus persicae Sulzer/010.jpg,labels/p57_train_010_77fdb3b3a522.txt,11,11,0,0,0.163737,0.938793,low_confidence_box|overlapping_boxes
P1,p57_train_012_f34e0b5c3029,train_images/57.Myzus persicae Sulzer/012.jpg,labels/p57_train_012_f34e0b5c3029.txt,1,0,1,0,0.17587,0.17587,low_confidence_box|remapped_class_box
P1,p57_train_022_e20854e98803,train_images/57.Myzus persicae Sulzer/022.jpg,labels/p57_train_022_e20854e98803.txt,12,12,0,0,0.108324,0.873808,low_confidence_box|overlapping_boxes
P1,p57_train_023_4fe056149633,train_images/57.Myzus persicae Sulzer/023.jpg,labels/p57_train_023_4fe056149633.txt,4,3,1,0,0.138656,0.842634,low_confidence_box|remapped_class_box|overlapping_boxes
P1,p57_train_024_568eb86bac2d,train_images/57.Myzus persicae Sulzer/024.jpg,labels/p57_train_024_568eb86bac2d.txt,6,6,0,0,0.103345,0.819855,low_confidence_box|overlapping_boxes
P1,p57_train_025_5b49a9cfb0b0,train_images/57.Myzus persicae Sulzer/025.jpg,labels/p57_train_025_5b49a9cfb0b0.txt,6,6,0,0,0.147835,0.746282,low_confidence_box|overlapping_boxes
P1,p57_train_026_9f094847bbf6,train_images/57.Myzus persicae Sulzer/026.jpg,labels/p57_train_026_9f094847bbf6.txt,3,3,0,0,0.181828,0.449741,low_confidence_box|overlapping_boxes
P1,p57_train_027_170f971dce62,train_images/57.Myzus persicae Sulzer/027.jpg,labels/p57_train_027_170f971dce62.txt,4,2,2,0,0.108505,0.583183,low_confidence_box|remapped_class_box|overlapping_boxes
P1,p57_train_029_db146d401826,train_images/57.Myzus persicae Sulzer/029.jpg,labels/p57_train_029_db146d401826.txt,2,2,0,0,0.15993,0.265048,low_confidence_box|overlapping_boxes
P1,p57_train_032_8980c3fe0075,train_images/57.Myzus persicae Sulzer/032.jpg,labels/p57_train_032_8980c3fe0075.txt,3,2,1,0,0.115436,0.726821,low_confidence_box|remapped_class_box|overlapping_boxes
P1,p57_train_034_d4439e1402ed,train_images/57.Myzus persicae Sulzer/034.jpg,labels/p57_train_034_d4439e1402ed.txt,10,10,0,0,0.13427,0.93714,low_confidence_box|overlapping_boxes
P1,p57_train_035_22c2e0cf3dd2,train_images/57.Myzus persicae Sulzer/035.jpg,labels/p57_train_035_22c2e0cf3dd2.txt,10,10,0,0,0.101937,0.85545,low_confidence_box|overlapping_boxes
P1,p57_train_036_9aaa56d6d7db,train_images/57.Myzus persicae Sulzer/036.jpg,labels/p57_train_036_9aaa56d6d7db.txt,7,7,0,0,0.118463,0.924975,low_confidence_box
P1,p57_train_037_b152f19eca80,train_images/57.Myzus persicae Sulzer/037.jpg,labels/p57_train_037_b152f19eca80.txt,3,3,0,0,0.131971,0.520252,low_confidence_box|overlapping_boxes
P1,p57_train_042_056e30eb11bd,train_images/57.Myzus persicae Sulzer/042.jpg,labels/p57_train_042_056e30eb11bd.txt,1,0,1,0,0.716556,0.716556,remapped_class_box
P1,p57_train_043_b77b15a5b791,train_images/57.Myzus persicae Sulzer/043.jpg,labels/p57_train_043_b77b15a5b791.txt,1,0,1,0,0.805728,0.805728,remapped_class_box
P1,p57_train_045_e9835860cd43,train_images/57.Myzus persicae Sulzer/045.jpg,labels/p57_train_045_e9835860cd43.txt,2,0,2,0,0.131972,0.280562,low_confidence_box|remapped_class_box|oversized_box
P1,p57_train_046_b25dd1df7e65,train_images/57.Myzus persicae Sulzer/046.jpg,labels/p57_train_046_b25dd1df7e65.txt,1,0,1,0,0.29728,0.29728,remapped_class_box|oversized_box
P1,p57_train_051_1b1f0effba1e,train_images/57.Myzus persicae Sulzer/051.jpg,labels/p57_train_051_1b1f0effba1e.txt,4,3,1,0,0.122332,0.402292,low_confidence_box|remapped_class_box|oversized_box|overlapping_boxes
P1,p57_train_054_70637cab0ee3,train_images/57.Myzus persicae Sulzer/054.jpg,labels/p57_train_054_70637cab0ee3.txt,3,0,3,0,0.267162,0.857659,remapped_class_box|overlapping_boxes
P1,p57_train_055_43f4a06daf44,train_images/57.Myzus persicae Sulzer/055.jpg,labels/p57_train_055_43f4a06daf44.txt,2,0,2,0,0.192426,0.716458,low_confidence_box|remapped_class_box|overlapping_boxes
P1,p57_train_056_bffff2b52a99,train_images/57.Myzus persicae Sulzer/056.jpg,labels/p57_train_056_bffff2b52a99.txt,2,1,1,0,0.138169,0.146272,low_confidence_box|remapped_class_box|overlapping_boxes
P1,p57_train_059_a18878531230,train_images/57.Myzus persicae Sulzer/059.jpg,labels/p57_train_059_a18878531230.txt,2,2,0,0,0.243246,0.711586,low_confidence_box|overlapping_boxes
P1,p57_train_060_2892ac578bda,train_images/57.Myzus persicae Sulzer/060.jpg,labels/p57_train_060_2892ac578bda.txt,3,2,1,0,0.205186,0.454499,low_confidence_box|remapped_class_box|overlapping_boxes
P1,p57_train_062_db42fb1982a4,train_images/57.Myzus persicae Sulzer/062.jpg,labels/p57_train_062_db42fb1982a4.txt,2,2,0,0,0.429427,0.819522,overlapping_boxes
P1,p57_train_064_6b0bc6d6737f,train_images/57.Myzus persicae Sulzer/064.jpg,labels/p57_train_064_6b0bc6d6737f.txt,2,2,0,0,0.591344,0.786543,overlapping_boxes
P1,p57_train_065_b74a530c96d0,train_images/57.Myzus persicae Sulzer/065.jpg,labels/p57_train_065_b74a530c96d0.txt,3,2,1,0,0.248819,0.695357,low_confidence_box|remapped_class_box|overlapping_boxes
P1,p57_train_066_2c031fdc55ef,train_images/57.Myzus persicae Sulzer/066.jpg,labels/p57_train_066_2c031fdc55ef.txt,1,0,1,0,0.149266,0.149266,low_confidence_box|remapped_class_box
P1,p57_train_067_3351622812fd,train_images/57.Myzus persicae Sulzer/067.jpg,labels/p57_train_067_3351622812fd.txt,4,3,1,0,0.100596,0.821989,low_confidence_box|remapped_class_box|overlapping_boxes
P1,p57_train_070_cfbf21647712,train_images/57.Myzus persicae Sulzer/070.jpg,labels/p57_train_070_cfbf21647712.txt,2,2,0,0,0.130118,0.808267,low_confidence_box
P1,p57_train_074_b5b3194a4430,train_images/57.Myzus persicae Sulzer/074.jpg,labels/p57_train_074_b5b3194a4430.txt,4,3,1,0,0.121815,0.761351,low_confidence_box|remapped_class_box|overlapping_boxes
P1,p57_train_076_92c8115f05d7,train_images/57.Myzus persicae Sulzer/076.jpg,labels/p57_train_076_92c8115f05d7.txt,3,1,2,0,0.129162,0.456597,low_confidence_box|remapped_class_box|overlapping_boxes
P1,p57_train_077_d6ffde9777c1,train_images/57.Myzus persicae Sulzer/077.jpg,labels/p57_train_077_d6ffde9777c1.txt,3,0,3,0,0.265699,0.64198,remapped_class_box|overlapping_boxes
P1,p57_train_079_33aef5422f0f,train_images/57.Myzus persicae Sulzer/079.jpg,labels/p57_train_079_33aef5422f0f.txt,5,5,0,0,0.105731,0.866482,low_confidence_box
P1,p57_train_080_3c9033def136,train_images/57.Myzus persicae Sulzer/080.jpg,labels/p57_train_080_3c9033def136.txt,2,2,0,0,0.107812,0.197807,low_confidence_box|overlapping_boxes
P1,p57_train_081_f530066b45f4,train_images/57.Myzus persicae Sulzer/081.jpg,labels/p57_train_081_f530066b45f4.txt,9,9,0,0,0.12941,0.861692,low_confidence_box|overlapping_boxes
P1,p57_train_082_8314e421b497,train_images/57.Myzus persicae Sulzer/082.jpg,labels/p57_train_082_8314e421b497.txt,3,3,0,0,0.182035,0.40225,low_confidence_box
P1,p57_train_083_5c2b6078375b,train_images/57.Myzus persicae Sulzer/083.jpg,labels/p57_train_083_5c2b6078375b.txt,4,2,2,0,0.116116,0.586622,low_confidence_box|remapped_class_box|overlapping_boxes
P1,p57_train_084_fc6a1b3c0df5,train_images/57.Myzus persicae Sulzer/084.jpg,labels/p57_train_084_fc6a1b3c0df5.txt,4,1,3,0,0.13191,0.705671,low_confidence_box|remapped_class_box|overlapping_boxes
P1,p57_train_088_c6a829b5af54,train_images/57.Myzus persicae Sulzer/088.jpg,labels/p57_train_088_c6a829b5af54.txt,7,7,0,0,0.217505,0.869471,low_confidence_box|overlapping_boxes
P1,p57_train_089_e7f1bf2e639f,train_images/57.Myzus persicae Sulzer/089.jpg,labels/p57_train_089_e7f1bf2e639f.txt,6,6,0,0,0.115036,0.838553,low_confidence_box
P1,p57_train_091_a355f097f643,train_images/57.Myzus persicae Sulzer/091.jpg,labels/p57_train_091_a355f097f643.txt,2,1,1,0,0.128522,0.139121,low_confidence_box|remapped_class_box|overlapping_boxes
P1,p57_train_092_a4dd51b96060,train_images/57.Myzus persicae Sulzer/092.jpg,labels/p57_train_092_a4dd51b96060.txt,9,9,0,0,0.106509,0.851134,low_confidence_box|overlapping_boxes
P1,p57_train_093_efee0b6646c1,train_images/57.Myzus persicae Sulzer/093.jpg,labels/p57_train_093_efee0b6646c1.txt,5,5,0,0,0.103664,0.635457,low_confidence_box
P1,p57_train_094_fa4c15f85141,train_images/57.Myzus persicae Sulzer/094.jpg,labels/p57_train_094_fa4c15f85141.txt,4,3,1,0,0.149091,0.654962,low_confidence_box|remapped_class_box
P1,p57_train_096_d030605bc117,train_images/57.Myzus persicae Sulzer/096.jpg,labels/p57_train_096_d030605bc117.txt,3,2,1,0,0.101776,0.823236,low_confidence_box|remapped_class_box
P1,p57_train_098_bba92404c5c3,train_images/57.Myzus persicae Sulzer/098.jpg,labels/p57_train_098_bba92404c5c3.txt,2,1,1,0,0.26091,0.530567,remapped_class_box
P1,p57_train_100_5345576d3143,train_images/57.Myzus persicae Sulzer/100.jpg,labels/p57_train_100_5345576d3143.txt,6,5,1,0,0.143091,0.382409,low_confidence_box|remapped_class_box|overlapping_boxes
P1,p57_train_102_02cbe0ec9512,train_images/57.Myzus persicae Sulzer/102.jpg,labels/p57_train_102_02cbe0ec9512.txt,2,2,0,0,0.244037,0.378126,low_confidence_box
P1,p57_train_104_3c77ac55e016,train_images/57.Myzus persicae Sulzer/104.jpg,labels/p57_train_104_3c77ac55e016.txt,3,2,1,0,0.114356,0.237105,low_confidence_box|remapped_class_box
P1,p57_train_105_55abe1a6258a,train_images/57.Myzus persicae Sulzer/105.jpg,labels/p57_train_105_55abe1a6258a.txt,2,2,0,0,0.118306,0.633121,low_confidence_box
P1,p57_train_106_4e55120b89f7,train_images/57.Myzus persicae Sulzer/106.jpg,labels/p57_train_106_4e55120b89f7.txt,3,2,1,0,0.308869,0.845412,remapped_class_box|overlapping_boxes
P1,p57_train_107_e8be3726b6c5,train_images/57.Myzus persicae Sulzer/107.jpg,labels/p57_train_107_e8be3726b6c5.txt,4,0,4,0,0.162683,0.458904,low_confidence_box|remapped_class_box|overlapping_boxes
P1,p57_train_108_ab52a27f49fe,train_images/57.Myzus persicae Sulzer/108.jpg,labels/p57_train_108_ab52a27f49fe.txt,2,0,2,0,0.371634,0.528139,remapped_class_box|overlapping_boxes
P1,p57_train_109_4035a66bdef4,train_images/57.Myzus persicae Sulzer/109.jpg,labels/p57_train_109_4035a66bdef4.txt,1,1,0,1,0.772973,0.772973,other_class_prediction
P1,p57_train_110_60595f164704,train_images/57.Myzus persicae Sulzer/110.jpg,labels/p57_train_110_60595f164704.txt,2,2,0,0,0.22553,0.254256,low_confidence_box
P1,p57_train_111_0ee7cfce3522,train_images/57.Myzus persicae Sulzer/111.jpg,labels/p57_train_111_0ee7cfce3522.txt,1,1,0,0,0.13172,0.13172,low_confidence_box
P1,p57_train_112_3abcec37c3ad,train_images/57.Myzus persicae Sulzer/112.jpg,labels/p57_train_112_3abcec37c3ad.txt,4,1,3,0,0.11553,0.746053,low_confidence_box|remapped_class_box|overlapping_boxes
P1,p57_train_113_48a4d99697c3,train_images/57.Myzus persicae Sulzer/113.jpg,labels/p57_train_113_48a4d99697c3.txt,2,0,2,0,0.437981,0.534123,remapped_class_box|overlapping_boxes
P1,p57_train_114_ddad46474e6d,train_images/57.Myzus persicae Sulzer/114.jpg,labels/p57_train_114_ddad46474e6d.txt,3,3,0,0,0.123815,0.341094,low_confidence_box|overlapping_boxes
P1,p57_train_118_beb8ba131bf9,train_images/57.Myzus persicae Sulzer/118.jpg,labels/p57_train_118_beb8ba131bf9.txt,2,2,0,0,0.674761,0.784859,overlapping_boxes
P1,p57_train_119_2f4ceb577e97,train_images/57.Myzus persicae Sulzer/119.jpg,labels/p57_train_119_2f4ceb577e97.txt,3,2,1,0,0.117483,0.817799,low_confidence_box|remapped_class_box|overlapping_boxes
P1,p57_train_120_d178bb1f5da8,train_images/57.Myzus persicae Sulzer/120.jpg,labels/p57_train_120_d178bb1f5da8.txt,3,3,0,0,0.10392,0.165386,low_confidence_box
P1,p57_train_122_8cc74b72786b,train_images/57.Myzus persicae Sulzer/122.jpg,labels/p57_train_122_8cc74b72786b.txt,1,1,0,0,0.111491,0.111491,low_confidence_box
P1,p57_train_123_fa0ecb7f3ab5,train_images/57.Myzus persicae Sulzer/123.jpg,labels/p57_train_123_fa0ecb7f3ab5.txt,1,0,1,0,0.317803,0.317803,remapped_class_box|oversized_box
P1,p57_train_124_602aa12ac323,train_images/57.Myzus persicae Sulzer/124.jpg,labels/p57_train_124_602aa12ac323.txt,2,0,2,1,0.127384,0.130625,other_class_prediction|low_confidence_box|remapped_class_box|oversized_box
P1,p57_train_131_7b4177cdd0a6,train_images/57.Myzus persicae Sulzer/131.jpg,labels/p57_train_131_7b4177cdd0a6.txt,2,2,0,0,0.238029,0.66259,low_confidence_box
P1,p57_train_132_01171300b1d5,train_images/57.Myzus persicae Sulzer/132.jpg,labels/p57_train_132_01171300b1d5.txt,5,3,2,0,0.148733,0.752762,low_confidence_box|remapped_class_box|overlapping_boxes
P1,p57_train_133_b561de823129,train_images/57.Myzus persicae Sulzer/133.jpg,labels/p57_train_133_b561de823129.txt,3,3,0,0,0.144965,0.873519,low_confidence_box
P1,p57_train_134_dc03897f1c24,train_images/57.Myzus persicae Sulzer/134.jpg,labels/p57_train_134_dc03897f1c24.txt,2,2,0,0,0.604154,0.762008,overlapping_boxes
P1,p57_train_137_c921148dba6c,train_images/57.Myzus persicae Sulzer/137.jpg,labels/p57_train_137_c921148dba6c.txt,3,3,0,0,0.121833,0.759919,low_confidence_box|overlapping_boxes
P1,p57_train_139_d6c2fca1dcbb,train_images/57.Myzus persicae Sulzer/139.jpg,labels/p57_train_139_d6c2fca1dcbb.txt,11,11,0,0,0.154037,0.928467,low_confidence_box|overlapping_boxes
P1,p57_train_140_81d5ae93aea9,train_images/57.Myzus persicae Sulzer/140.jpg,labels/p57_train_140_81d5ae93aea9.txt,7,7,0,0,0.189794,0.843171,low_confidence_box
P1,p57_train_142_0a8272d249f4,train_images/57.Myzus persicae Sulzer/142.jpg,labels/p57_train_142_0a8272d249f4.txt,5,5,0,0,0.13097,0.651648,low_confidence_box
P1,p57_train_143_120a76ad26f2,train_images/57.Myzus persicae Sulzer/143.jpg,labels/p57_train_143_120a76ad26f2.txt,5,5,0,0,0.182615,0.894935,low_confidence_box
P1,p57_train_144_91f59c4bc5ad,train_images/57.Myzus persicae Sulzer/144.jpg,labels/p57_train_144_91f59c4bc5ad.txt,6,6,0,0,0.228592,0.94069,low_confidence_box|overlapping_boxes
P1,p57_train_147_dc6eb20586c6,train_images/57.Myzus persicae Sulzer/147.jpg,labels/p57_train_147_dc6eb20586c6.txt,3,3,0,0,0.176162,0.70885,low_confidence_box
P1,p57_train_148_5e46c158e754,train_images/57.Myzus persicae Sulzer/148.jpg,labels/p57_train_148_5e46c158e754.txt,7,7,0,0,0.370056,0.853721,overlapping_boxes
P1,p57_train_149_be5b0b9799f5,train_images/57.Myzus persicae Sulzer/149.jpg,labels/p57_train_149_be5b0b9799f5.txt,2,2,0,0,0.515438,0.891526,overlapping_boxes
P1,p57_train_152_cbfe89fe6b74,train_images/57.Myzus persicae Sulzer/152.jpg,labels/p57_train_152_cbfe89fe6b74.txt,14,14,0,0,0.107757,0.882382,low_confidence_box|overlapping_boxes
P1,p57_train_153_81431650d508,train_images/57.Myzus persicae Sulzer/153.jpg,labels/p57_train_153_81431650d508.txt,23,23,0,0,0.113428,0.925621,low_confidence_box|overlapping_boxes|many_boxes
P1,p57_train_155_904cc40b5c84,train_images/57.Myzus persicae Sulzer/155.jpg,labels/p57_train_155_904cc40b5c84.txt,2,2,0,0,0.246896,0.877763,low_confidence_box
P1,p57_train_157_a1557099e476,train_images/57.Myzus persicae Sulzer/157.jpg,labels/p57_train_157_a1557099e476.txt,3,3,0,0,0.178235,0.352826,low_confidence_box|oversized_box|overlapping_boxes
P1,p57_train_158_46955ff4ce0a,train_images/57.Myzus persicae Sulzer/158.jpg,labels/p57_train_158_46955ff4ce0a.txt,6,6,0,0,0.131562,0.651872,low_confidence_box|oversized_box|overlapping_boxes
P1,p57_train_159_57eafc93721d,train_images/57.Myzus persicae Sulzer/159.jpg,labels/p57_train_159_57eafc93721d.txt,11,11,0,0,0.112815,0.675166,low_confidence_box|oversized_box|overlapping_boxes
P1,p57_train_160_ed24fd582502,train_images/57.Myzus persicae Sulzer/160.jpg,labels/p57_train_160_ed24fd582502.txt,7,7,0,0,0.109885,0.649104,low_confidence_box|oversized_box|overlapping_boxes
P1,p57_train_161_89637166596e,train_images/57.Myzus persicae Sulzer/161.jpg,labels/p57_train_161_89637166596e.txt,11,11,0,0,0.132477,0.908327,low_confidence_box
P1,p57_train_162_f406d375b49c,train_images/57.Myzus persicae Sulzer/162.jpg,labels/p57_train_162_f406d375b49c.txt,1,1,0,0,0.256163,0.256163,oversized_box
P1,p57_train_163_ef2a3574ff1d,train_images/57.Myzus persicae Sulzer/163.jpg,labels/p57_train_163_ef2a3574ff1d.txt,4,4,0,0,0.133835,0.351917,low_confidence_box|oversized_box|overlapping_boxes
P1,p57_train_164_1647474828c2,train_images/57.Myzus persicae Sulzer/164.jpg,labels/p57_train_164_1647474828c2.txt,4,4,0,0,0.128621,0.551204,low_confidence_box|oversized_box|overlapping_boxes
P1,p57_train_165_113498125919,train_images/57.Myzus persicae Sulzer/165.jpg,labels/p57_train_165_113498125919.txt,8,8,0,0,0.101535,0.831347,low_confidence_box|oversized_box|overlapping_boxes
P1,p57_train_166_0e5259b9c4b7,train_images/57.Myzus persicae Sulzer/166.jpg,labels/p57_train_166_0e5259b9c4b7.txt,22,22,0,0,0.103222,0.804943,low_confidence_box|overlapping_boxes|many_boxes
P1,p57_train_167_13df62477649,train_images/57.Myzus persicae Sulzer/167.jpg,labels/p57_train_167_13df62477649.txt,18,18,0,0,0.10994,0.837235,low_confidence_box|overlapping_boxes
P1,p57_train_168_17391fd7dd92,train_images/57.Myzus persicae Sulzer/168.jpg,labels/p57_train_168_17391fd7dd92.txt,15,15,0,0,0.112051,0.919769,low_confidence_box|overlapping_boxes
P1,p57_train_169_5212b06865b5,train_images/57.Myzus persicae Sulzer/169.jpg,labels/p57_train_169_5212b06865b5.txt,12,12,0,0,0.101563,0.743227,low_confidence_box|oversized_box
P1,p57_train_170_521f778319e8,train_images/57.Myzus persicae Sulzer/170.jpg,labels/p57_train_170_521f778319e8.txt,11,11,0,0,0.160152,0.948528,low_confidence_box
P1,p57_train_171_397ad4dd93e8,train_images/57.Myzus persicae Sulzer/171.jpg,labels/p57_train_171_397ad4dd93e8.txt,2,2,0,0,0.113504,0.558744,low_confidence_box
P1,p57_train_172_24662b18dda9,train_images/57.Myzus persicae Sulzer/172.jpg,labels/p57_train_172_24662b18dda9.txt,7,7,0,0,0.320819,0.871168,overlapping_boxes
P1,p57_train_173_a133598196d6,train_images/57.Myzus persicae Sulzer/173.jpg,labels/p57_train_173_a133598196d6.txt,4,4,0,0,0.114769,0.930304,low_confidence_box|overlapping_boxes
P1,p57_train_174_5c9f46493fbd,train_images/57.Myzus persicae Sulzer/174.jpg,labels/p57_train_174_5c9f46493fbd.txt,1,1,0,0,0.245775,0.245775,low_confidence_box
P1,p57_train_175_ad6971b17f9d,train_images/57.Myzus persicae Sulzer/175.jpg,labels/p57_train_175_ad6971b17f9d.txt,4,4,0,0,0.189151,0.68215,low_confidence_box|overlapping_boxes
P1,p57_train_176_02d8be5b89d1,train_images/57.Myzus persicae Sulzer/176.jpg,labels/p57_train_176_02d8be5b89d1.txt,1,1,0,1,0.142367,0.142367,other_class_prediction|low_confidence_box
P1,p57_train_177_8a1c46fd55ed,train_images/57.Myzus persicae Sulzer/177.jpg,labels/p57_train_177_8a1c46fd55ed.txt,2,2,0,0,0.490659,0.885883,overlapping_boxes
P1,p57_train_178_4ab32007077a,train_images/57.Myzus persicae Sulzer/178.jpg,labels/p57_train_178_4ab32007077a.txt,4,3,1,0,0.406169,0.929205,remapped_class_box|overlapping_boxes
P1,p57_train_182_71bf722e9ba9,train_images/57.Myzus persicae Sulzer/182.jpg,labels/p57_train_182_71bf722e9ba9.txt,2,1,1,0,0.125439,0.524386,low_confidence_box|remapped_class_box|oversized_box
P1,p57_train_183_84916ba195a6,train_images/57.Myzus persicae Sulzer/183.jpg,labels/p57_train_183_84916ba195a6.txt,1,0,1,0,0.173049,0.173049,low_confidence_box|remapped_class_box|oversized_box
P1,p57_train_184_30bab8b794c8,train_images/57.Myzus persicae Sulzer/184.jpg,labels/p57_train_184_30bab8b794c8.txt,1,0,1,0,0.274047,0.274047,remapped_class_box|oversized_box
P1,p57_train_188_3a2515fae4d9,train_images/57.Myzus persicae Sulzer/188.jpg,labels/p57_train_188_3a2515fae4d9.txt,1,1,0,0,0.133542,0.133542,low_confidence_box
P1,p57_train_191_2814f89ea203,train_images/57.Myzus persicae Sulzer/191.jpg,labels/p57_train_191_2814f89ea203.txt,2,0,2,0,0.255911,0.783162,remapped_class_box|oversized_box|overlapping_boxes
P1,p57_train_195_f94061c2c636,train_images/57.Myzus persicae Sulzer/195.jpg,labels/p57_train_195_f94061c2c636.txt,2,2,0,0,0.100895,0.388044,low_confidence_box|overlapping_boxes
P1,p57_train_196_c88037cf829a,train_images/57.Myzus persicae Sulzer/196.jpg,labels/p57_train_196_c88037cf829a.txt,1,1,0,0,0.199679,0.199679,low_confidence_box
P1,p57_train_204_e33283fd5b56,train_images/57.Myzus persicae Sulzer/204.jpg,labels/p57_train_204_e33283fd5b56.txt,1,1,0,0,0.907809,0.907809,oversized_box
P1,p57_train_206_946017bd6912,train_images/57.Myzus persicae Sulzer/206.jpg,labels/p57_train_206_946017bd6912.txt,1,1,0,0,0.928583,0.928583,oversized_box
P1,p57_train_207_314dd194df75,train_images/57.Myzus persicae Sulzer/207.jpg,labels/p57_train_207_314dd194df75.txt,1,1,0,0,0.887411,0.887411,oversized_box
P1,p57_train_208_7e389c6fb1f4,train_images/57.Myzus persicae Sulzer/208.jpg,labels/p57_train_208_7e389c6fb1f4.txt,1,1,0,0,0.94599,0.94599,oversized_box
P1,p57_train_213_a72aac227402,train_images/57.Myzus persicae Sulzer/213.jpg,labels/p57_train_213_a72aac227402.txt,1,1,0,0,0.879377,0.879377,oversized_box
P1,p57_train_214_6fae5b079527,train_images/57.Myzus persicae Sulzer/214.jpg,labels/p57_train_214_6fae5b079527.txt,1,1,0,0,0.921561,0.921561,oversized_box
P1,p57_train_215_a6272f92f3ce,train_images/57.Myzus persicae Sulzer/215.jpg,labels/p57_train_215_a6272f92f3ce.txt,1,1,0,0,0.918383,0.918383,oversized_box
P1,p57_train_218_38380a90c3be,train_images/57.Myzus persicae Sulzer/218.jpg,labels/p57_train_218_38380a90c3be.txt,1,1,0,0,0.936707,0.936707,oversized_box
P1,p57_train_219_a6c2b8af7a1b,train_images/57.Myzus persicae Sulzer/219.jpg,labels/p57_train_219_a6c2b8af7a1b.txt,1,1,0,0,0.920362,0.920362,oversized_box
P1,p57_train_224_d8aac4a88716,train_images/57.Myzus persicae Sulzer/224.jpg,labels/p57_train_224_d8aac4a88716.txt,3,3,0,0,0.139613,0.871657,low_confidence_box
P1,p57_train_231_46a768a1b442,train_images/57.Myzus persicae Sulzer/231.jpg,labels/p57_train_231_46a768a1b442.txt,2,2,0,0,0.150051,0.288059,low_confidence_box
P1,p57_train_232_bccb0a21dec4,train_images/57.Myzus persicae Sulzer/232.jpg,labels/p57_train_232_bccb0a21dec4.txt,6,6,0,1,0.121608,0.906085,other_class_prediction|low_confidence_box|oversized_box|overlapping_boxes
P1,p57_train_234_3eb48065978d,train_images/57.Myzus persicae Sulzer/234.jpg,labels/p57_train_234_3eb48065978d.txt,1,1,0,0,0.192764,0.192764,low_confidence_box
P1,p57_train_237_93a73b2d271e,train_images/57.Myzus persicae Sulzer/237.jpg,labels/p57_train_237_93a73b2d271e.txt,1,1,0,0,0.160675,0.160675,low_confidence_box
P1,p57_train_239_be54924853bb,train_images/57.Myzus persicae Sulzer/239.jpg,labels/p57_train_239_be54924853bb.txt,3,2,1,0,0.177629,0.800314,low_confidence_box|remapped_class_box|overlapping_boxes
P1,p57_train_240_8209bf48d025,train_images/57.Myzus persicae Sulzer/240.jpg,labels/p57_train_240_8209bf48d025.txt,2,2,0,0,0.228012,0.775612,low_confidence_box|overlapping_boxes
P1,p57_train_241_25abfa9a95c6,train_images/57.Myzus persicae Sulzer/241.jpg,labels/p57_train_241_25abfa9a95c6.txt,2,2,0,0,0.478978,0.794507,overlapping_boxes
P1,p57_train_242_ef0f7130d626,train_images/57.Myzus persicae Sulzer/242.jpg,labels/p57_train_242_ef0f7130d626.txt,1,1,0,0,0.102025,0.102025,low_confidence_box|oversized_box
P1,p57_train_243_a718757c9897,train_images/57.Myzus persicae Sulzer/243.jpg,labels/p57_train_243_a718757c9897.txt,1,1,0,0,0.858339,0.858339,oversized_box
P1,p57_train_245_4e1dd828d755,train_images/57.Myzus persicae Sulzer/245.jpg,labels/p57_train_245_4e1dd828d755.txt,3,3,0,1,0.286506,0.764886,other_class_prediction
P1,p57_train_246_91fa677d6097,train_images/57.Myzus persicae Sulzer/246.jpg,labels/p57_train_246_91fa677d6097.txt,5,5,0,0,0.162808,0.691326,low_confidence_box|overlapping_boxes
P1,p57_train_247_b3d0076a1822,train_images/57.Myzus persicae Sulzer/247.jpg,labels/p57_train_247_b3d0076a1822.txt,2,1,1,0,0.634561,0.908256,remapped_class_box|oversized_box|overlapping_boxes
P1,p57_train_248_338e160f3015,train_images/57.Myzus persicae Sulzer/248.jpg,labels/p57_train_248_338e160f3015.txt,4,1,3,0,0.125941,0.782979,low_confidence_box|remapped_class_box|oversized_box|overlapping_boxes
P1,p57_train_249_a2d6be17a133,train_images/57.Myzus persicae Sulzer/249.jpg,labels/p57_train_249_a2d6be17a133.txt,2,1,1,0,0.237961,0.251638,low_confidence_box|remapped_class_box|oversized_box|overlapping_boxes
P1,p57_train_253_c24ddd07947a,train_images/57.Myzus persicae Sulzer/253.jpg,labels/p57_train_253_c24ddd07947a.txt,2,1,1,0,0.152531,0.560169,low_confidence_box|remapped_class_box|oversized_box
P1,p58_train_003_2e1ddc765f8f,train_images/58.Aphis gossypii Glover/003.jpg,labels/p58_train_003_2e1ddc765f8f.txt,1,1,0,0,0.127686,0.127686,low_confidence_box
P1,p58_train_006_29e518b60f43,train_images/58.Aphis gossypii Glover/006.jpg,labels/p58_train_006_29e518b60f43.txt,2,2,0,0,0.165427,0.464333,low_confidence_box
P1,p58_train_008_1eda61276023,train_images/58.Aphis gossypii Glover/008.jpg,labels/p58_train_008_1eda61276023.txt,4,0,4,0,0.130644,0.773387,low_confidence_box|remapped_class_box|oversized_box|overlapping_boxes
P1,p58_train_010_4c91221feb4f,train_images/58.Aphis gossypii Glover/010.jpg,labels/p58_train_010_4c91221feb4f.txt,3,0,3,0,0.185781,0.848998,low_confidence_box|remapped_class_box|oversized_box|overlapping_boxes
P1,p58_train_011_9ae8b3084f30,train_images/58.Aphis gossypii Glover/011.jpg,labels/p58_train_011_9ae8b3084f30.txt,3,3,0,0,0.152484,0.905734,low_confidence_box|overlapping_boxes
P1,p58_train_012_d73fc891158b,train_images/58.Aphis gossypii Glover/012.jpg,labels/p58_train_012_d73fc891158b.txt,1,0,1,0,0.108324,0.108324,low_confidence_box|remapped_class_box
P1,p58_train_013_6fc7d57e6454,train_images/58.Aphis gossypii Glover/013.jpg,labels/p58_train_013_6fc7d57e6454.txt,1,0,1,1,0.31348,0.31348,other_class_prediction|remapped_class_box
P1,p58_train_020_fdebdc807500,train_images/58.Aphis gossypii Glover/020.jpg,labels/p58_train_020_fdebdc807500.txt,4,2,2,0,0.163826,0.273635,low_confidence_box|remapped_class_box|overlapping_boxes
P1,p58_train_021_f80b76f588d0,train_images/58.Aphis gossypii Glover/021.jpg,labels/p58_train_021_f80b76f588d0.txt,1,0,1,0,0.267748,0.267748,remapped_class_box
P1,p58_train_022_1be20af68348,train_images/58.Aphis gossypii Glover/022.jpg,labels/p58_train_022_1be20af68348.txt,1,1,0,0,0.21037,0.21037,low_confidence_box
P1,p58_train_023_338698c7e8ba,train_images/58.Aphis gossypii Glover/023.jpg,labels/p58_train_023_338698c7e8ba.txt,3,1,2,0,0.110476,0.394207,low_confidence_box|remapped_class_box
P1,p58_train_024_97b4b3429d29,train_images/58.Aphis gossypii Glover/024.jpg,labels/p58_train_024_97b4b3429d29.txt,1,0,1,0,0.406223,0.406223,remapped_class_box
P1,p58_train_025_18d8aa995733,train_images/58.Aphis gossypii Glover/025.jpg,labels/p58_train_025_18d8aa995733.txt,1,0,1,0,0.155207,0.155207,low_confidence_box|remapped_class_box
P1,p58_train_026_4f711c79be7f,train_images/58.Aphis gossypii Glover/026.jpg,labels/p58_train_026_4f711c79be7f.txt,3,1,2,0,0.233327,0.738385,low_confidence_box|remapped_class_box|overlapping_boxes
P1,p58_train_027_3bc5c4d080fc,train_images/58.Aphis gossypii Glover/027.jpg,labels/p58_train_027_3bc5c4d080fc.txt,4,1,3,0,0.208313,0.671676,low_confidence_box|remapped_class_box|overlapping_boxes
P1,p58_train_033_72288b74f54d,train_images/58.Aphis gossypii Glover/033.jpg,labels/p58_train_033_72288b74f54d.txt,4,0,4,1,0.10603,0.17823,other_class_prediction|low_confidence_box|remapped_class_box|oversized_box|overlapping_boxes
P1,p58_train_048_951aa179c4c8,train_images/58.Aphis gossypii Glover/048.jpg,labels/p58_train_048_951aa179c4c8.txt,1,0,1,1,0.107699,0.107699,other_class_prediction|low_confidence_box|remapped_class_box|oversized_box
P1,p58_train_053_5d75a4171afe,train_images/58.Aphis gossypii Glover/053.jpg,labels/p58_train_053_5d75a4171afe.txt,1,0,1,1,0.252757,0.252757,other_class_prediction|remapped_class_box|oversized_box
P1,p58_train_055_d1378d94b652,train_images/58.Aphis gossypii Glover/055.jpg,labels/p58_train_055_d1378d94b652.txt,2,0,2,0,0.226575,0.354328,low_confidence_box|remapped_class_box|oversized_box
P1,p58_train_058_6b4f6e42cae4,train_images/58.Aphis gossypii Glover/058.jpg,labels/p58_train_058_6b4f6e42cae4.txt,1,0,1,0,0.111942,0.111942,low_confidence_box|remapped_class_box
P1,p58_train_060_e25a507afda3,train_images/58.Aphis gossypii Glover/060.jpg,labels/p58_train_060_e25a507afda3.txt,1,0,1,0,0.813422,0.813422,remapped_class_box
P1,p58_train_061_f3fcff599b6d,train_images/58.Aphis gossypii Glover/061.jpg,labels/p58_train_061_f3fcff599b6d.txt,2,0,2,0,0.36781,0.893361,remapped_class_box|oversized_box|overlapping_boxes
P1,p58_train_062_c4b532c54889,train_images/58.Aphis gossypii Glover/062.jpg,labels/p58_train_062_c4b532c54889.txt,2,0,2,0,0.157055,0.860658,low_confidence_box|remapped_class_box|oversized_box|overlapping_boxes
P1,p58_train_064_025d69b72690,train_images/58.Aphis gossypii Glover/064.jpg,labels/p58_train_064_025d69b72690.txt,2,0,2,0,0.279458,0.400597,remapped_class_box|overlapping_boxes
P1,p58_train_066_bb48e8122152,train_images/58.Aphis gossypii Glover/066.jpg,labels/p58_train_066_bb48e8122152.txt,1,0,1,0,0.39814,0.39814,remapped_class_box
P1,p58_train_069_0baf7eeea9ce,train_images/58.Aphis gossypii Glover/069.jpg,labels/p58_train_069_0baf7eeea9ce.txt,2,2,0,0,0.194537,0.926331,low_confidence_box
P1,p58_train_071_713ab5cf5947,train_images/58.Aphis gossypii Glover/071.jpg,labels/p58_train_071_713ab5cf5947.txt,1,1,0,1,0.163413,0.163413,other_class_prediction|low_confidence_box
P1,p58_train_072_c819b863ddbb,train_images/58.Aphis gossypii Glover/072.jpg,labels/p58_train_072_c819b863ddbb.txt,1,1,0,0,0.102004,0.102004,low_confidence_box
P1,p58_train_074_9bd3c52a76a1,train_images/58.Aphis gossypii Glover/074.jpg,labels/p58_train_074_9bd3c52a76a1.txt,2,2,0,0,0.182715,0.209307,low_confidence_box
P1,p58_train_075_d436b78724d7,train_images/58.Aphis gossypii Glover/075.jpg,labels/p58_train_075_d436b78724d7.txt,4,3,1,0,0.110364,0.91083,low_confidence_box|remapped_class_box|overlapping_boxes
P1,p58_train_076_ad138ebed2f6,train_images/58.Aphis gossypii Glover/076.jpg,labels/p58_train_076_ad138ebed2f6.txt,1,0,1,0,0.900799,0.900799,remapped_class_box|oversized_box
P1,p58_train_096_e960630badd2,train_images/58.Aphis gossypii Glover/096.jpg,labels/p58_train_096_e960630badd2.txt,1,1,0,0,0.622974,0.622974,oversized_box
P1,p58_train_102_acd9682743ea,train_images/58.Aphis gossypii Glover/102.jpg,labels/p58_train_102_acd9682743ea.txt,1,1,0,0,0.234698,0.234698,low_confidence_box
P1,p58_train_103_3dc8df6300fc,train_images/58.Aphis gossypii Glover/103.jpg,labels/p58_train_103_3dc8df6300fc.txt,1,1,0,0,0.239436,0.239436,low_confidence_box
P1,p58_train_108_3a5906bbc070,train_images/58.Aphis gossypii Glover/108.jpg,labels/p58_train_108_3a5906bbc070.txt,2,1,1,0,0.129294,0.17269,low_confidence_box|remapped_class_box|overlapping_boxes
P1,p58_train_112_b794c020bab1,train_images/58.Aphis gossypii Glover/112.jpg,labels/p58_train_112_b794c020bab1.txt,5,5,0,0,0.153436,0.555653,low_confidence_box
P1,p58_train_116_2a2eaec33177,train_images/58.Aphis gossypii Glover/116.jpg,labels/p58_train_116_2a2eaec33177.txt,3,3,0,0,0.101776,0.188883,low_confidence_box
P1,p58_train_119_5dcf418a4537,train_images/58.Aphis gossypii Glover/119.jpg,labels/p58_train_119_5dcf418a4537.txt,3,2,1,0,0.127766,0.245007,low_confidence_box|remapped_class_box|oversized_box
P1,p58_train_120_751456ba8157,train_images/58.Aphis gossypii Glover/120.jpg,labels/p58_train_120_751456ba8157.txt,1,0,1,0,0.189368,0.189368,low_confidence_box|remapped_class_box
P1,p58_train_121_a0f293012c4b,train_images/58.Aphis gossypii Glover/121.jpg,labels/p58_train_121_a0f293012c4b.txt,4,2,2,0,0.102988,0.720653,low_confidence_box|remapped_class_box
P1,p58_train_122_c609242e10c0,train_images/58.Aphis gossypii Glover/122.jpg,labels/p58_train_122_c609242e10c0.txt,6,5,1,0,0.102593,0.84574,low_confidence_box|remapped_class_box|overlapping_boxes
P1,p58_train_123_8af592fc34c4,train_images/58.Aphis gossypii Glover/123.jpg,labels/p58_train_123_8af592fc34c4.txt,4,4,0,0,0.235242,0.710632,low_confidence_box
P1,p58_train_124_363979d7013d,train_images/58.Aphis gossypii Glover/124.jpg,labels/p58_train_124_363979d7013d.txt,11,11,0,0,0.143566,0.882613,low_confidence_box|overlapping_boxes
P1,p58_train_125_539cd9f4acce,train_images/58.Aphis gossypii Glover/125.jpg,labels/p58_train_125_539cd9f4acce.txt,3,1,2,0,0.155069,0.214059,low_confidence_box|remapped_class_box|oversized_box|overlapping_boxes
P1,p58_train_127_e960f9fa2fce,train_images/58.Aphis gossypii Glover/127.jpg,labels/p58_train_127_e960f9fa2fce.txt,7,7,0,0,0.108492,0.901706,low_confidence_box|overlapping_boxes
P1,p58_train_128_bc583df158dd,train_images/58.Aphis gossypii Glover/128.jpg,labels/p58_train_128_bc583df158dd.txt,6,5,1,0,0.117456,0.862783,low_confidence_box|remapped_class_box|overlapping_boxes
P1,p58_train_130_fea8583b2a5c,train_images/58.Aphis gossypii Glover/130.jpg,labels/p58_train_130_fea8583b2a5c.txt,3,2,1,0,0.171844,0.846984,low_confidence_box|remapped_class_box|overlapping_boxes
P1,p58_train_135_13ec8d3a1ff6,train_images/58.Aphis gossypii Glover/135.jpg,labels/p58_train_135_13ec8d3a1ff6.txt,19,19,0,0,0.107071,0.687718,low_confidence_box|overlapping_boxes
P1,p58_train_136_8c7e581b6de2,train_images/58.Aphis gossypii Glover/136.jpg,labels/p58_train_136_8c7e581b6de2.txt,20,20,0,0,0.147638,0.889604,low_confidence_box|overlapping_boxes
P1,p57_val_000_2ecdbbe83ad8,val_images/57.Myzus persicae Sulzer/000.jpg,labels/p57_val_000_2ecdbbe83ad8.txt,2,1,1,0,0.119159,0.894247,low_confidence_box|remapped_class_box
P1,p57_val_002_7c541b7a6ff6,val_images/57.Myzus persicae Sulzer/002.jpg,labels/p57_val_002_7c541b7a6ff6.txt,1,0,1,1,0.117623,0.117623,other_class_prediction|low_confidence_box|remapped_class_box|oversized_box
P1,p57_val_003_ae11b316171e,val_images/57.Myzus persicae Sulzer/003.jpg,labels/p57_val_003_ae11b316171e.txt,4,1,3,1,0.158613,0.598157,other_class_prediction|low_confidence_box|remapped_class_box|oversized_box|overlapping_boxes
P1,p57_val_004_177732743a32,val_images/57.Myzus persicae Sulzer/004.jpg,labels/p57_val_004_177732743a32.txt,4,2,2,0,0.108867,0.882369,low_confidence_box|remapped_class_box|overlapping_boxes
P1,p57_val_005_40eb8949c311,val_images/57.Myzus persicae Sulzer/005.jpg,labels/p57_val_005_40eb8949c311.txt,5,5,0,0,0.120499,0.468569,low_confidence_box
P1,p57_val_012_136612e60bce,val_images/57.Myzus persicae Sulzer/012.jpg,labels/p57_val_012_136612e60bce.txt,4,1,3,0,0.11816,0.694923,low_confidence_box|remapped_class_box|overlapping_boxes
P1,p57_val_014_afa23e934522,val_images/57.Myzus persicae Sulzer/014.jpg,labels/p57_val_014_afa23e934522.txt,8,8,0,0,0.104565,0.886393,low_confidence_box|overlapping_boxes
P1,p57_val_015_85f8af472d23,val_images/57.Myzus persicae Sulzer/015.jpg,labels/p57_val_015_85f8af472d23.txt,3,3,0,0,0.218912,0.501269,low_confidence_box
P1,p57_val_016_aaac61b7cee2,val_images/57.Myzus persicae Sulzer/016.jpg,labels/p57_val_016_aaac61b7cee2.txt,6,6,0,0,0.210744,0.883081,low_confidence_box|oversized_box|overlapping_boxes
P1,p57_val_017_359730982b70,val_images/57.Myzus persicae Sulzer/017.jpg,labels/p57_val_017_359730982b70.txt,13,13,0,0,0.151101,0.922549,low_confidence_box|overlapping_boxes
P1,p57_val_018_004d7fff5414,val_images/57.Myzus persicae Sulzer/018.jpg,labels/p57_val_018_004d7fff5414.txt,6,6,0,0,0.117851,0.511517,low_confidence_box
P1,p57_val_019_1b5d486c1b28,val_images/57.Myzus persicae Sulzer/019.jpg,labels/p57_val_019_1b5d486c1b28.txt,4,4,0,0,0.203596,0.658473,low_confidence_box|overlapping_boxes
P1,p57_val_024_c0fd361daecc,val_images/57.Myzus persicae Sulzer/024.jpg,labels/p57_val_024_c0fd361daecc.txt,1,1,0,0,0.142935,0.142935,low_confidence_box
P1,p57_val_027_155ef6bcb052,val_images/57.Myzus persicae Sulzer/027.jpg,labels/p57_val_027_155ef6bcb052.txt,1,1,0,0,0.912634,0.912634,oversized_box
P1,p57_val_028_505f2a766f81,val_images/57.Myzus persicae Sulzer/028.jpg,labels/p57_val_028_505f2a766f81.txt,3,3,0,0,0.105299,0.410443,low_confidence_box
P1,p57_val_029_44ccab2d01df,val_images/57.Myzus persicae Sulzer/029.jpg,labels/p57_val_029_44ccab2d01df.txt,1,0,1,0,0.211625,0.211625,low_confidence_box|remapped_class_box
P1,p57_val_031_09c8512bae1a,val_images/57.Myzus persicae Sulzer/031.jpg,labels/p57_val_031_09c8512bae1a.txt,3,1,2,0,0.124221,0.896882,low_confidence_box|remapped_class_box|oversized_box|overlapping_boxes
P1,p58_val_000_56779daaf52f,val_images/58.Aphis gossypii Glover/000.jpg,labels/p58_val_000_56779daaf52f.txt,2,2,0,2,0.28722,0.764758,other_class_prediction
P1,p58_val_002_748f4e0085fd,val_images/58.Aphis gossypii Glover/002.jpg,labels/p58_val_002_748f4e0085fd.txt,2,0,2,0,0.716569,0.901803,remapped_class_box|oversized_box
P1,p58_val_012_f35e22303896,val_images/58.Aphis gossypii Glover/012.jpg,labels/p58_val_012_f35e22303896.txt,1,1,0,0,0.189524,0.189524,low_confidence_box
P2,p57_test_006_df635e229e60,test_images/57.Myzus persicae Sulzer/006.jpg,labels/p57_test_006_df635e229e60.txt,2,2,0,0,0.493126,0.699763,
P2,p57_test_012_d14ddb6d3cf9,test_images/57.Myzus persicae Sulzer/012.jpg,labels/p57_test_012_d14ddb6d3cf9.txt,3,3,0,0,0.316821,0.794842,
P2,p57_test_021_80fc23ca661a,test_images/57.Myzus persicae Sulzer/021.jpg,labels/p57_test_021_80fc23ca661a.txt,5,5,0,0,0.354729,0.890392,
P2,p57_test_024_858ef00f085b,test_images/57.Myzus persicae Sulzer/024.jpg,labels/p57_test_024_858ef00f085b.txt,3,3,0,0,0.325779,0.641562,
P2,p57_test_026_7abed171852c,test_images/57.Myzus persicae Sulzer/026.jpg,labels/p57_test_026_7abed171852c.txt,1,1,0,0,0.299466,0.299466,
P2,p57_test_027_dff7da897666,test_images/57.Myzus persicae Sulzer/027.jpg,labels/p57_test_027_dff7da897666.txt,1,1,0,0,0.854814,0.854814,
P2,p58_test_010_0fd4fe275c37,test_images/58.Aphis gossypii Glover/010.jpg,labels/p58_test_010_0fd4fe275c37.txt,1,1,0,0,0.544762,0.544762,
P2,p57_train_000_55a21224956f,train_images/57.Myzus persicae Sulzer/000.jpg,labels/p57_train_000_55a21224956f.txt,1,1,0,0,0.898174,0.898174,
P2,p57_train_003_ffff9ee8981c,train_images/57.Myzus persicae Sulzer/003.jpg,labels/p57_train_003_ffff9ee8981c.txt,1,1,0,0,0.668207,0.668207,
P2,p57_train_019_523d7e9f0cc2,train_images/57.Myzus persicae Sulzer/019.jpg,labels/p57_train_019_523d7e9f0cc2.txt,1,1,0,0,0.499023,0.499023,
P2,p57_train_030_39ed54fb4945,train_images/57.Myzus persicae Sulzer/030.jpg,labels/p57_train_030_39ed54fb4945.txt,1,1,0,0,0.385876,0.385876,
P2,p57_train_031_584fd7630b3d,train_images/57.Myzus persicae Sulzer/031.jpg,labels/p57_train_031_584fd7630b3d.txt,1,1,0,0,0.569706,0.569706,
P2,p57_train_058_11bdc77aa868,train_images/57.Myzus persicae Sulzer/058.jpg,labels/p57_train_058_11bdc77aa868.txt,1,1,0,0,0.275379,0.275379,
P2,p57_train_090_0270235245c9,train_images/57.Myzus persicae Sulzer/090.jpg,labels/p57_train_090_0270235245c9.txt,1,1,0,0,0.648147,0.648147,
P2,p57_train_095_09af71c1af9e,train_images/57.Myzus persicae Sulzer/095.jpg,labels/p57_train_095_09af71c1af9e.txt,4,4,0,0,0.293242,0.868633,
P2,p57_train_097_b98779190a57,train_images/57.Myzus persicae Sulzer/097.jpg,labels/p57_train_097_b98779190a57.txt,1,1,0,0,0.349682,0.349682,
P2,p57_train_115_5ebeaad58d9c,train_images/57.Myzus persicae Sulzer/115.jpg,labels/p57_train_115_5ebeaad58d9c.txt,1,1,0,0,0.616405,0.616405,
P2,p57_train_116_2613cba4187d,train_images/57.Myzus persicae Sulzer/116.jpg,labels/p57_train_116_2613cba4187d.txt,1,1,0,0,0.732705,0.732705,
P2,p57_train_125_fd1fcf92b803,train_images/57.Myzus persicae Sulzer/125.jpg,labels/p57_train_125_fd1fcf92b803.txt,1,1,0,0,0.330251,0.330251,
P2,p57_train_135_6498f2d7d119,train_images/57.Myzus persicae Sulzer/135.jpg,labels/p57_train_135_6498f2d7d119.txt,1,1,0,0,0.91604,0.91604,
P2,p57_train_136_01a078ff150d,train_images/57.Myzus persicae Sulzer/136.jpg,labels/p57_train_136_01a078ff150d.txt,2,2,0,0,0.258043,0.810822,
P2,p57_train_146_df29406f4c9a,train_images/57.Myzus persicae Sulzer/146.jpg,labels/p57_train_146_df29406f4c9a.txt,5,5,0,0,0.256917,0.882532,
P2,p57_train_150_a8e30633ef26,train_images/57.Myzus persicae Sulzer/150.jpg,labels/p57_train_150_a8e30633ef26.txt,1,1,0,0,0.398701,0.398701,
P2,p57_train_151_0fa6d8826bb8,train_images/57.Myzus persicae Sulzer/151.jpg,labels/p57_train_151_0fa6d8826bb8.txt,1,1,0,0,0.602119,0.602119,
P2,p57_train_154_95801b97bd95,train_images/57.Myzus persicae Sulzer/154.jpg,labels/p57_train_154_95801b97bd95.txt,3,3,0,0,0.251185,0.915503,
P2,p57_train_156_b84c9598c067,train_images/57.Myzus persicae Sulzer/156.jpg,labels/p57_train_156_b84c9598c067.txt,1,1,0,0,0.704009,0.704009,
P2,p57_train_181_d2fc9f93fdb1,train_images/57.Myzus persicae Sulzer/181.jpg,labels/p57_train_181_d2fc9f93fdb1.txt,1,1,0,0,0.766792,0.766792,
P2,p57_train_189_b71e40d3a8e1,train_images/57.Myzus persicae Sulzer/189.jpg,labels/p57_train_189_b71e40d3a8e1.txt,1,1,0,0,0.352642,0.352642,
P2,p57_train_192_fb741f5d892a,train_images/57.Myzus persicae Sulzer/192.jpg,labels/p57_train_192_fb741f5d892a.txt,1,1,0,0,0.818433,0.818433,
P2,p57_train_198_90cc65002bf1,train_images/57.Myzus persicae Sulzer/198.jpg,labels/p57_train_198_90cc65002bf1.txt,1,1,0,0,0.446595,0.446595,
P2,p57_train_209_a18566940a05,train_images/57.Myzus persicae Sulzer/209.jpg,labels/p57_train_209_a18566940a05.txt,1,1,0,0,0.875915,0.875915,
P2,p57_train_210_1d8c2e615b20,train_images/57.Myzus persicae Sulzer/210.jpg,labels/p57_train_210_1d8c2e615b20.txt,1,1,0,0,0.93987,0.93987,
P2,p57_train_216_c4589dafa8e4,train_images/57.Myzus persicae Sulzer/216.jpg,labels/p57_train_216_c4589dafa8e4.txt,1,1,0,0,0.934372,0.934372,
P2,p57_train_217_a8f62fb537d3,train_images/57.Myzus persicae Sulzer/217.jpg,labels/p57_train_217_a8f62fb537d3.txt,1,1,0,0,0.932584,0.932584,
P2,p57_train_220_934d035ee230,train_images/57.Myzus persicae Sulzer/220.jpg,labels/p57_train_220_934d035ee230.txt,1,1,0,0,0.756064,0.756064,
P2,p57_train_222_bfb5b1d33583,train_images/57.Myzus persicae Sulzer/222.jpg,labels/p57_train_222_bfb5b1d33583.txt,1,1,0,0,0.940204,0.940204,
P2,p57_train_223_ce35b38aa3d1,train_images/57.Myzus persicae Sulzer/223.jpg,labels/p57_train_223_ce35b38aa3d1.txt,1,1,0,0,0.932589,0.932589,
P2,p57_train_235_14b5bb648bee,train_images/57.Myzus persicae Sulzer/235.jpg,labels/p57_train_235_14b5bb648bee.txt,1,1,0,0,0.38942,0.38942,
P2,p57_train_255_1e192aa40365,train_images/57.Myzus persicae Sulzer/255.jpg,labels/p57_train_255_1e192aa40365.txt,2,2,0,0,0.282447,0.478107,
P2,p58_train_005_88a64dc79e0f,train_images/58.Aphis gossypii Glover/005.jpg,labels/p58_train_005_88a64dc79e0f.txt,2,2,0,0,0.330167,0.766911,
P2,p58_train_132_648283f03b9e,train_images/58.Aphis gossypii Glover/132.jpg,labels/p58_train_132_648283f03b9e.txt,2,2,0,0,0.39119,0.544271,
P2,p58_train_134_c9741aae8ca3,train_images/58.Aphis gossypii Glover/134.jpg,labels/p58_train_134_c9741aae8ca3.txt,1,1,0,0,0.542361,0.542361,
P2,p57_val_022_fdbc8b7d1d55,val_images/57.Myzus persicae Sulzer/022.jpg,labels/p57_val_022_fdbc8b7d1d55.txt,1,1,0,0,0.829883,0.829883,
P2,p57_val_025_9dc2a0d650c9,val_images/57.Myzus persicae Sulzer/025.jpg,labels/p57_val_025_9dc2a0d650c9.txt,1,1,0,0,0.801416,0.801416,
